{"name":"64cffee0-1ef6-4da5-b297-85bfd7f9215d","id":"/providers/Microsoft.Flow/flows/64cffee0-1ef6-4da5-b297-85bfd7f9215d","type":"Microsoft.Flow/flows","properties":{"apiId":"/providers/Microsoft.PowerApps/apis/shared_logicflows","displayName":"Backup Teams Config (Result)","definition":{"metadata":{"workflowEntityId":null,"creator":{"id":"9eb3d1dc-2bf6-4ae1-bf98-112c9cfa9c97","type":"User","tenantId":"91a93cff-4c18-4c83-85e2-420ce464c103"},"provisioningMethod":"FromDefinition","failureAlertSubscription":true,"clientLastModifiedTime":"2019-08-27T19:02:36.7218017Z"},"$schema":"https://schema.management.azure.com/providers/Microsoft.Logic/schemas/2016-06-01/workflowdefinition.json#","contentVersion":"1.0.0.0","parameters":{"$connections":{"defaultValue":{},"type":"Object"},"$authentication":{"defaultValue":{},"type":"SecureObject"}},"triggers":{"manual":{"type":"Request","kind":"Http","inputs":{"schema":{"type":"object","properties":{"timestamp":{"type":"string"},"backedUpItems":{"type":"array","items":{"type":"object","properties":{"Name":{"type":"string"},"NumberOfObjects":{"type":"integer"}},"required":["Name","NumberOfObjects"]}},"backupFileLocation":{"type":"string"},"backupFileSaveStatus":{"type":"string"},"computerName":{"type":"string"},"failedItems":{"type":"array"},"failedItemStatus":{"type":"string"}}}}}},"actions":{"Condition":{"actions":{"Send_an_email_(V2)":{"runAfter":{},"metadata":{"flowSystemMetadata":{"swaggerOperationId":"SendEmailV2"}},"type":"ApiConnection","inputs":{"host":{"connection":{"name":"@parameters('$connections')['shared_office365']['connectionId']"},"api":{"runtimeUrl":"https://uk-001.azure-apim.net/apim/office365"}},"method":"post","body":{"To":"change@me.com;","Subject":"[SUCCESS] Teams Configuration Backup","Body":"<p>The following backup file was created:<br>\n<br>\n<table>\n<thead>\n<tr>\n<th>File</th>\n<th>File Size</th>\n<th>Computer</th>\n<th>File Save Status</th>\n</tr>\n</thead>\n<tbody>\n<tr>\n<td>@{triggerBody()?['backupFileLocation']}</td>\n<td>@{triggerBody()?['backupFileSize']} KB</td>\n<td>@{triggerBody()?['computerName']}</td>\n<td>@{triggerBody()?['backupFileSaveStatus']}</td>\n</tr>\n</tbody>\n</table>\n<br>\nContaining:\n<br>\n@{body('Tabulate_Backed_Up_Items')}<br>\n</p>","Importance":"Normal"},"path":"/v2/Mail","authentication":"@parameters('$authentication')"}}},"runAfter":{"Tabulate_Failed_Items":["Succeeded"]},"else":{"actions":{"Send_an_email_(V2)_2":{"runAfter":{},"metadata":{"flowSystemMetadata":{"swaggerOperationId":"SendEmailV2"}},"type":"ApiConnection","inputs":{"host":{"connection":{"name":"@parameters('$connections')['shared_office365']['connectionId']"},"api":{"runtimeUrl":"https://uk-001.azure-apim.net/apim/office365"}},"method":"post","body":{"To":"change@me.com;","Subject":"[FAILED] Teams Configuration Backup","Body":"<p>The following backup file was attempted:<br>\n<br>\n<table>\n<thead>\n<tr>\n<th>File</th>\n<th>File Size</th>\n<th>Computer</th>\n<th>File Save Status</th>\n</tr>\n</thead>\n<tbody>\n<tr>\n<td>@{triggerBody()?['backupFileLocation']}</td>\n<td>@{triggerBody()?['backupFileSize']} KB</td>\n<td>@{triggerBody()?['computerName']}</td>\n<td>@{triggerBody()?['backupFileSaveStatus']}</td>\n</tr>\n</tbody>\n</table>\n<br>\nThere were the following failed items not part of the backup:<br>\n@{body('Tabulate_Failed_Items')}\n</p>","Importance":"High"},"path":"/v2/Mail","authentication":"@parameters('$authentication')"}}}},"expression":{"and":[{"equals":["@triggerBody()?['backupFileSaveStatus']","SUCCESS"]},{"equals":["@triggerBody()?['failedItemStatus']","SUCCESS"]}]},"type":"If"},"Tabulate_Backed_Up_Items":{"runAfter":{},"type":"Table","inputs":{"from":"@triggerBody()?['backedupItems']","format":"HTML"}},"Tabulate_Failed_Items":{"runAfter":{"Tabulate_Backed_Up_Items":["Succeeded"]},"type":"Table","inputs":{"from":"@triggerBody()?['failedItems']","format":"HTML"}}},"outputs":{}},"connectionReferences":{"shared_office365":{"connectionName":"shared-office365-e3ed6daf-d0e3-4a4f-9c21-0b08d0f5cc86","source":"Embedded","id":"/providers/Microsoft.PowerApps/apis/shared_office365","tier":"NotSpecified"}},"flowFailureAlertSubscribed":false}}