{"name":"5d2731ab-5576-46f3-b52c-0197a9ae7dd8","id":"/providers/Microsoft.Flow/flows/5d2731ab-5576-46f3-b52c-0197a9ae7dd8","type":"Microsoft.Flow/flows","properties":{"apiId":"/providers/Microsoft.PowerApps/apis/shared_logicflows","displayName":"Backup Teams Config (Comparison)","definition":{"metadata":{"workflowEntityId":null,"creator":{"id":"9eb3d1dc-2bf6-4ae1-bf98-112c9cfa9c97","type":"User","tenantId":"91a93cff-4c18-4c83-85e2-420ce464c103"},"provisioningMethod":"FromDefinition","failureAlertSubscription":true,"clientLastModifiedTime":"2019-08-27T18:51:50.7277196Z"},"$schema":"https://schema.management.azure.com/providers/Microsoft.Logic/schemas/2016-06-01/workflowdefinition.json#","contentVersion":"1.0.0.0","parameters":{"$connections":{"defaultValue":{},"type":"Object"},"$authentication":{"defaultValue":{},"type":"SecureObject"}},"triggers":{"manual":{"type":"Request","kind":"Http","inputs":{"schema":{"type":"object","properties":{"allMismatches":{"type":"array","items":{"type":"object","properties":{"BackupValue":{"type":"string"},"CurrentValue":{"type":"string"},"Name":{"type":"string"},"Type":{"type":"string"},"Identity":{"type":"string"}},"required":["BackupValue","CurrentValue","Name","Type","Identity"]}},"backupFileSize":{"type":"integer"},"timestamp":{"type":"string"},"backupFileLocation":{"type":"string"},"computerName":{"type":"string"}}}}}},"actions":{"Send_an_email_(V2)":{"runAfter":{"Tabulate_Mismatches":["Succeeded"]},"metadata":{"flowSystemMetadata":{"swaggerOperationId":"SendEmailV2"}},"type":"ApiConnection","inputs":{"host":{"connection":{"name":"@parameters('$connections')['shared_office365']['connectionId']"},"api":{"runtimeUrl":"https://uk-001.azure-apim.net/apim/office365"}},"method":"post","body":{"To":"change@me.com;","Subject":"Teams Configuration Change","Body":"<p>The following backup file was compared to current configuration:<br>\n<br>\n<table>\n<thead>\n<tr>\n<th>File</th>\n<th>File Size</th>\n<th>Computer</th>\n</tr>\n</thead>\n<tbody>\n<tr>\n<td>@{triggerBody()?['backupFileLocation']}</td>\n<td>@{triggerBody()?['backupFileSize']} KB</td>\n<td>@{triggerBody()?['computerName']}</td>\n</tr>\n</tbody>\n</table>\n<br>\nThe following differences were found:\n<br>\n@{body('Tabulate_Mismatches')}<br>\n</p>","Importance":"Normal"},"path":"/v2/Mail","authentication":"@parameters('$authentication')"}},"Tabulate_Mismatches":{"runAfter":{},"type":"Table","inputs":{"from":"@triggerBody()?['allMismatches']","format":"HTML"}}},"outputs":{}},"connectionReferences":{"shared_office365":{"connectionName":"shared-office365-e3ed6daf-d0e3-4a4f-9c21-0b08d0f5cc86","source":"Embedded","id":"/providers/Microsoft.PowerApps/apis/shared_office365","tier":"NotSpecified"}},"flowFailureAlertSubscribed":false}}